FID,lnk,reg_obj_id,ro_acct,root_id,site_name,address,town,sw_id,acres,cap_status,lf_liner,status,type_oper,type_rsp,waste_type,l_base,l_acc_est,l_type,l_meth,l_src_1,l_src_2,l_src_3,l_staff,l_prog,l_date,dig_method,orig_fid,shape
GISDATA.SW_LD_PT.598,342D,315269,313063,131605,OLIN CORP,51 EAMES ST,WILMINGTON,0342.004,2.70966983,Capped,Not Lined,Closed,Private,Private,SLUDGE,DOQ,100,EWA,PHO,MS_USGS,AP_DOQ,,MANNO_T,DEP_BAW,2013-08-22T00:00:00,F,349,POINT (228546.1506280601 919261.8679976314)
GISDATA.SW_LD_PT.599,269A,39718,172925,172926,SHERBORN LANDFILL,160 NORTH MAIN ST,SHERBORN,0269.001,5.37144363,Capped,Not Lined,Closed,Municipal,Municipal,MSW,NA,100,EWA,DD_1,DD_OTH,MS_SKCH,AP_DOQ,MANNO_T,DEP_BAW,2013-08-19T00:00:00,SOI,350,POINT (211255.66898936033 890408.4896131419)
GISDATA.SW_LD_PT.604,317A,39860,173056,173058,WELLESLEY LANDFILL,169 GREAT PLAIN AVE,WELLESLEY,0317.001,13.79934812,Incomplete,Not Lined,Inactive,Municipal,Municipal,MSW,DOQ,100,EWA,MAP,MS_SITE,KNOW,,FAIRBROTHER_M,DEP_BAW,2003-11-13T00:00:00,F,355,POINT (218498.78128769994 893061.905393675)
GISDATA.SW_LD_PT.605,100E,39283,172527,172528,FRAMINGHAM DUDLEY ROAD LANDFILL,DUDLEY RD,FRAMINGHAM,0100.005,8.89488668,Incomplete,n/a,Inactive,Municipal,,MSW,NA,100,PB,DDS,DD_PAR,DD_SW,AP_DOQ,MANNO_T,DEP_BAW,2010-09-16T00:00:00,PAR,356,POINT (205487.1867012456 892809.6770998389)
GISDATA.SW_LD_PT.607,315F,93,169033,169034,OLD WAYLAND DUMP,195 MAIN ST,WAYLAND,0315.006,6.72699531,Incomplete,Not Lined,Inactive,Municipal,,MSW,NA,100,PB,DDS,DD_PAR,DD_SW,AP_DOQ,MANNO_T,DEP_BAW,2010-09-23T00:00:00,PAR,358,POINT (211257.3977491781 897156.3151109852)
GISDATA.SW_LD_PT.612,199A,39532,172756,172757,NEEDHAM LANDFILL,1407 CENTRAL AVE,NEEDHAM,0199.001,35.54990506,Capped,Not Lined,Closed,Municipal,,MSW,DOQ,16,EWA,MAP,MS_SITE,KNOW,,FAIRBROTHER_M,DEP_BAW,2003-11-13T00:00:00,F,363,POINT (219698.5093080476 892114.2701828405)
GISDATA.SW_LD_PT.613,333A,39888,173080,173081,WESTON LANDFILL,199 CHURCH ST,WESTON,0333.001,15.10693575,Capped,Not Lined,Closed,Municipal,,MSW,DOQ,100,EWA,PHO,MS_USGS,DD_PAR,AP_DOQ,MANNO_T,DEP_BAW,2015-12-28T00:00:00,F,364,POINT (217933.90460143238 902724.8865697756)
GISDATA.SW_LD_PT.614,248A,314758,312556,314757,NORTH REVERE CONSERVATION LAND LANDFILL,MORRIS ST,REVERE,0248.001,2.67166789,Capped,Not Lined,Closed,Municipal,,MSW,DOQ,100,EWA,PHO,MS_USGS,AP_DOQ,,MANNO_T,DEP_BAW,2013-08-28T00:00:00,F,365,POINT (239360.05326750875 910794.9307091795)
GISDATA.SW_LD_PT.620,028A,39074,172329,172330,HUDSON LANDFILL,172 GATES POND RD,BERLIN,0028.001,11.54282242,Incomplete,Not Lined,Inactive,Municipal,,MSW,DOQ,100,EWA,MAP,MS_SITE,AP_DOQ,,SWIGOR_J,DEP_GIS,2013-07-05T00:00:00,F,623,POINT (192620.61873161793 904220.2406784482)
GISDATA.SW_LD_PT.621,155F,383569,379635,383568,LINCOLN STREET LANDFILL,LINCOLN ST,LEXINGTON,0155.006,17.31975964,Capped,Not Lined,Closed,Municipal,,MSW,DOQ,100,EWA,IN,MS_SITE,AP_DOQ,,ADAMS_D,DEP_BAW,2013-05-23T00:00:00,F,624,POINT (221242.16403126717 910317.1713158078)
GISDATA.SW_LD_PT.625,229B,39621,172834,172835,NESWC ASH LANDFILL,FARM AVE/DEARBORN RD,PEABODY,0229.002,78.54632474,Incomplete,Lined,Inactive,Municipal,,ASH,DOQ,100,PB,PHO,DD_PAR,AP_DOQ,DD_SW,MANNO_T,DEP_BAW,2010-09-21T00:00:00,F,628,POINT (242232.13335885108 919690.714158982)
GISDATA.SW_LD_PT.626,010A,39027,172287,172288,ARLINGTON KEATS ROAD DUMP,KEATS RD,ARLINGTON,0010.001,3.79724581,Incomplete,Not Lined,Inactive,Municipal,,MSW,DOQ,100,PB,DDS,DD_PAR,AP_DOQ,DD_SW,MANNO_T,DEP_BAW,2010-09-02T00:00:00,PAR,629,POINT (225111.372545816 907388.5855987072)
GISDATA.SW_LD_PT.627,139A,39374,39374,359971,EL HARVEY HOPKINTON LANDFILL,394 WOOD ST,HOPKINTON,0139.001,10.97832843,Capped,Not Lined,Closed,Private,Private,MSW,DOQ,100,EWA,MAP,MS_SITE,,,SWIGOR_J,DEP_GIS,2002-07-11T00:00:00,F,630,POINT (192824.1365666315 889168.6910045184)
GISDATA.SW_LD_PT.628,133B,39355,172594,172595,HOLBROOK LANDFILL,MAPLE AVE,HOLBROOK,0133.002,16.34727321,Capped,Not Lined,Closed,Municipal,Municipal,MSW,DOQ,100,EWA,MAP,KNOW,AP_DOQ,,CONNICK_D,DEP_BAW,2013-02-17T00:00:00,F,631,POINT (240336.74682694674 878985.6223791093)
GISDATA.SW_LD_PT.631,049C,39138,172392,172393,NEW STREET LANDFILL,NEW ST,CAMBRIDGE,0049.003,49.6742125,Capped,Not Lined,Closed,Municipal,Municipal,MSW,DOQ,100,PB,PHO,MS_USGS,DD_PAR,AP_DOQ,MANNO_T,DEP_BAW,2010-09-15T00:00:00,F,634,POINT (229943.1174985543 904328.7994147949)
GISDATA.SW_LD_PT.637,246B,39660,172872,172873,CHARLES STREET DUMPING GROUND,CHARLES ST,READING,0246.002,29.9,Incomplete,n/a,Inactive,,,MSW,NA,0,CF,XY_2,UNK,,,UNK,UNK,,UTM,81,POINT (232911.85747850686 919469.4387781769)
GISDATA.SW_LD_PT.638,057A,39156,172408,172409,CHELSEA MARGINAL STREET DUMP,MARGINAL ST,CHELSEA,0057.001,29.9,Incomplete,n/a,Inactive,,,MSW,NA,1000,CF,XY_2,UNK,,,UNK,UNK,,UTM,82,POINT (238375.43560438603 904279.8137901612)
GISDATA.SW_LD_PT.639,073B,39202,172453,172454,DEDHAM LANDFILL,INCINERATOR RD,DEDHAM,0073.002,10.38819896,Incomplete,Not Lined,Inactive,Municipal,,MSW,PTQ,500,UNK,MAP,MS_SKCH,,,UNK,UNK,1995-01-01T00:00:00,F,83,POINT (227593.27024322003 889828.4006396085)
GISDATA.SW_LD_PT.646,400442,400442,396464,157570,MASSDOT HIGHWAY DIVISION 33,4 WEST ELM ST,HOPKINTON,,0.54791879,Capped,Not Lined,Closed,,,C&D WASTE,DOQ,100,EWA,MAP,MS_SITE,AP_DOQ,AP_PN,SWIGOR_J,DEP_GIS,2013-07-17T00:00:00,F,90,POINT (195817.70157250017 885239.9932207242)
GISDATA.SW_LD_PT.647,220E,39597,175591,175592,BIRD INC GRANULAR DUMP,RTE 1,NORWOOD,0220.005,22.31459637,Incomplete,Not Lined,Inactive,Private,,MSW,DOQ,16,PB,MAP,MS_TAX,,,HYDE_J,DEP_GIS,2002-05-20T00:00:00,F,91,POINT (224750.94529619068 879870.9717026576)
GISDATA.SW_LD_PT.648,308D,39834,173032,173033,WALTHAM LANDFILL,WOERD AVE/COVE ST,WALTHAM,0308.004,9.64654667,Incomplete,Not Lined,Inactive,Municipal,,MSW,PTQ,0,UNK,MAP,MS_LMTQ,,,UNK,UNK,1994-09-01T00:00:00,F,92,POINT (221309.0028969422 901105.9462804124)
GISDATA.SW_LD_PT.655,046H,39131,172385,172386,OLD BROOKLINE ASH LANDFILL,870 HAMMOND ST,BROOKLINE,0046.008,4.73951995,Incomplete,Not Lined,Inactive,Municipal,,MSW,DOQ,100,PB,DDS,DD_PAR,MS_OTH,AP_DOQ,MANNO_T,DEP_BAW,2010-07-22T00:00:00,PAR,369,POINT (227924.0617157668 896017.358273264)
GISDATA.SW_LD_PT.670,078AD,39215,39215,132299,DOVER LANDFILL,55 POWISSETT ST,DOVER,0078.001,10.32540843,Capped,Not Lined,Closed,Municipal,Municipal,MSW,DOQ,100,EWA,PHO,AP_DOQ,DD_SW,,MANNO_T,DEP_BAW,2010-09-16T00:00:00,F,636,POINT (220811.0517393127 886338.9836940505)
GISDATA.SW_LD_PT.672,177C,39486,172716,172717,MEDWAY LANDFILL,46 BROAD ST,MEDWAY,0177.003,10.66980789,Incomplete,Not Lined,Inactive,Municipal,,MSW,DOQ,100,EWA,OTH,KNOW,AP_DOQ,,RAO_P,DEP_BAW,2003-07-15T00:00:00,F,638,POINT (208524.0937969014 877509.7469540089)
GISDATA.SW_LD_PT.673,277D,39739,172943,172944,SOUTHBOROUGH MT VICKERY ROAD DUMP,146 CORDAVILLE RD AND MT VICKERY RD,SOUTHBOROUGH,0277.004,3.26226867,Incomplete,Not Lined,Inactive,,,MSW,PTQ,0,UNK,MAP,MS_USGS,,,MANNO_T,DEP_BAW,1996-11-01T00:00:00,F,639,POINT (198078.72362661362 893324.7029757053)
GISDATA.SW_LD_PT.681,071C,39194,172445,172446,DANVERS ANDOVER STREET LANDFILL,104 ANDOVER ST,DANVERS,0071.003,23.32574977,Incomplete,Not Lined,Inactive,Private,,MSW,PTQ,500,EWA,MAP,MS_SITE,TEXT,MS_SKCH,MANNO_T,DEP_BAW,1996-11-18T00:00:00,F,647,POINT (243714.62723512203 922695.1825805642)
GISDATA.SW_LD_PT.683,046B,39130,172384,172385,BROOKLINE BACK LANDFILL,815 NEWTON ST,BROOKLINE,0046.002,2.80950237,Incomplete,Not Lined,Inactive,Municipal,,MSW,DTQ,100,EWA,MAP,MS_USGS,MS_SITE,,MANNO_T,DEP_BAW,1997-10-20T00:00:00,F,649,POINT (226999.13078986853 895982.4237664156)
GISDATA.SW_LD_PT.686,023C,39061,172317,172318,BEDFORD VA LANDFILL,SPRINGS RD,BEDFORD,0023.003,0.83431451,Incomplete,Not Lined,Inactive,Private,,C&D WASTE,DOQ,100,EWA,IN,MS_SITE,AP_DOQ,,ADAMS_D,DEP_BAW,2013-05-23T00:00:00,F,652,POINT (219035.7536764592 917279.7676710039)
GISDATA.SW_LD_PT.690,308B,39832,173030,173031,WALTHAM ASH LANDFILL,167 LEXINGTON ST,WALTHAM,0308.002,1.59139171,Incomplete,Not Lined,Inactive,Municipal,,ASH,DOQ,100,UNK,MAP,MS_LMST,,,HYDE_J,DEP_GIS,2002-05-22T00:00:00,F,98,POINT (221859.10188667476 903673.3982819207)
GISDATA.SW_LD_PT.713,307E,271107,270970,271106,BIRD INC LANDFILL,NORFOLK ST,WALPOLE,0307.005,93.62067642,Incomplete,Not Lined,Inactive,Private,,MSW,DOQ,100,PB,DDS,DD_PAR,DD_SW,AP_DOQ,MANNO_T,DEP_BAW,2010-08-24T00:00:00,PAR,391,POINT (218552.75092225522 875711.3209952526)
GISDATA.SW_LD_PT.716,347A,39928,173117,173118,WOBURN LANDFILL,MERRIMAC ST NEW BOSTON,WOBURN,0347.001,54.41928847,Capped,Not Lined,Closed,Municipal,,MSW,DOQ,100,EWA,DDS,MS_LMTQ,DD_PAR,AP_DOQ,MANNO_T,DEP_BAW,2013-07-30T00:00:00,PAR,394,POINT (228618.38657135516 918877.3196697459)
GISDATA.SW_LD_PT.744,314D,39850,173047,173048,WATERTOWN GROVE STREET LANDFILL,166 GROVE ST,WATERTOWN,0314.004,18.26829071,Capped,Not Lined,Closed,Municipal,,MSW,DOQ,100,PB,DDS,DD_PAR,AP_DOQ,DD_SW,ADAMS_D,DEP_BAW,2013-05-23T00:00:00,PAR,123,POINT (228648.09685642272 901825.9092021696)
GISDATA.SW_LD_PT.745,328D,39878,173072,173073,"WESTBOROUGH 16 LLC, No. 3",59 BRIGHAM ST,WESTBOROUGH,0328.004,2.65985877,Incomplete,Not Lined,Inactive,,Private,MSW,DOQ,100,EWA,MAP,MS_SITE,AP_DOQ,MS_TAX,KELLY_S,DEP_BWSC,2013-08-20T00:00:00,F,124,POINT (191299.554812707 890972.4612909853)
GISDATA.SW_LD_PT.747,244A,322367,319865,210925,BFI RANDOLPH LANDFILL,2 JOHNSON DR,RANDOLPH,0244.001,81.47584187,Capped,Lined,Closed,Private,Private,MSW,PTQ,100,EWA,MAP,MS_LMTQ,MS_USGS,,UNK,UNK,1994-12-12T00:00:00,F,126,POINT (234653.99220243096 880947.7175304219)
GISDATA.SW_LD_PT.748,178A,39488,172717,172718,MELROSE LANDFILL,PENNY RD AND BROADWAY RT99,MELROSE,0178.001,3.1064239,Incomplete,Not Lined,Inactive,Municipal,,MSW,DOQ,100,EWA,MAP,MS_OTH,KNOW,,FAIRBROTHER_M,DEP_BAW,2003-10-16T00:00:00,F,127,POINT (238691.23132954538 910746.4586154595)
GISDATA.SW_LD_PT.749,131AC,39350,172589,172590,HINGHAM LANDFILL,HOBART ST,HINGHAM,0131.001,29.78257522,Incomplete,Not Lined,Inactive,Municipal,Municipal,MSW,NA,100,EWA,DD_1,MS_USGS,DD_OTH,AP_DOQ,MANNO_T,DEP_BAW,2013-08-30T00:00:00,SOI,128,POINT (249106.0005102679 885591.5579488613)
GISDATA.SW_LD_PT.753,035M,412520,408541,412519,SPECTACLE ISLAND LANDFILL,BOSTON HBR,BOSTON,0035.013,84.22832341,Capped,Not Lined,Closed,Municipal,,MSW,NA,100,EWA,DD_1,DD_LU,DD_LU,,BODIN_E,DEP_BAW,1995-01-01T00:00:00,LU,402,POINT (242288.79867815226 897240.2662007175)
GISDATA.SW_LD_PT.761,258F,316586,314305,297808,SALEM STATE COLLEGE ASSISTANCE CORP,71 LORING AVE,SALEM,0258.006,6.42072751,Capped,Not Lined,Closed,Private,,MSW,DTQ,100,EWA,PHO,DD_SW,AP_DOQ,,MANNO_T,DEP_BAW,1997-08-29T00:00:00,F,410,POINT (250159.50898020715 916488.0921078548)
GISDATA.SW_LD_PT.764,138D,65,169065,169066,CHURCH DEMOLITION SITE,MENDON STREET HILLS ST,HOPEDALE,0138.004,0.2902737,Complete,n/a,Closed,Municipal,,C&D WASTE,PTQ,0,UNK,OTH,TEXT,,,MANNO_T,DEP_BAW,1996-11-19T00:00:00,F,413,POINT (196564.85416652262 874574.1041657403)
GISDATA.SW_LD_PT.770,093A,39263,172510,172511,EVERETT LANDFILL,2835 REVERE BEACH PKWY,EVERETT,0093.001,19.33394408,Incomplete,n/a,Inactive,Private,,MSW,DOQ,100,PB,MAP,MS_LMST,DD_PAR,AP_DOQ,MANNO_T,DEP_BAW,2015-12-23T00:00:00,F,419,POINT (235389.899362579 906117.7498316616)
GISDATA.SW_LD_PT.774,335C,314889,312687,314888,HIGH RIDGE ESTATES STUMP DISPOSAL AREA,82 SKYLINE DR,WESTWOOD,0335.003,0.91022266,Capped,Not Lined,Closed,Private,Private,WOODWASTE,DOQ,100,EWA,MAP,MS_USGS,AP_DOQ,,ADAMS_D,DEP_BAW,2013-08-28T00:00:00,F,135,POINT (222031.69464421272 889066.9038653113)
GISDATA.SW_LD_PT.779,308C,39833,173031,173032,WALTHAM DUMP,SAWYER RD,WALTHAM,0308.003,3.8889932,Incomplete,n/a,Inactive,,,MSW,DOQ,100,EWA,PHO,DD_SW,AP_DOQ,MS_USGS,MANNO_T,DEP_BAW,2010-09-09T00:00:00,F,140,POINT (220382.61216524243 901295.004563611)
GISDATA.SW_LD_PT.795,170A,39461,172694,172695,MARLBOROUGH LANDFILL,42 BOLTON ST RTE 85,MARLBOROUGH,0170.001,26.08174057,Incomplete,Not Lined,Inactive,Municipal,,MSW,DOQ,16,CAP,MAP,MS_SITE,,,SWIGOR_J,DEP_GIS,2002-07-11T00:00:00,F,426,POINT (195372.06029091775 901391.5641233101)
GISDATA.SW_LD_PT.801,285A,39766,172970,172971,STOUGHTON LANDFILL,100 PAGE ST,STOUGHTON,0285.001,33.16808189,Incomplete,Not Lined,Inactive,Municipal,Private,MSW,NA,100,PB,DDS,DD_PAR,DD_SW,AP_DOQ,MANNO_T,DEP_BAW,2010-09-22T00:00:00,PAR,432,POINT (236146.42616225034 877299.894295115)
GISDATA.SW_LD_PT.809,040C,39109,172364,172365,BRAINTREE LANDFILL,UNION/IVORY ST,BRAINTREE,0040.003,27.46159027,Capped,Not Lined,Closed,Municipal,,MSW,DOQ,100,PB,PHO,DD_PAR,AP_DOQ,KNOW,MANNO_T,DEP_BAW,2015-12-23T00:00:00,F,152,POINT (241452.20322885364 884179.7989100255)
GISDATA.SW_LD_PT.819,163A,39445,172678,172679,LYNN LANDFILL,250 COMMERCIAL ST,LYNN,0163.001,22.91967917,Capped,Not Lined,Closed,Private,,MSW,DOQ,100,PB,PHO,MS_USGS,DD_PAR,AP_DOQ,MANNO_T,DEP_BAW,2013-07-30T00:00:00,F,162,POINT (244606.5558923036 911234.7396172918)
GISDATA.SW_LD_PT.825,010B,39029,172289,172290,ARLINGTON SUMMER STREET LANDFILL,SUMMER ST,ARLINGTON,0010.002,22.7157265,Capped,Not Lined,Closed,Municipal,,MSW,DOQ,100,PB,DDS,DD_PAR,DD_SW,AP_DOQ,MANNO_T,DEP_BAW,2010-08-24T00:00:00,PAR,438,POINT (226258.55403745174 909196.2416494377)
GISDATA.SW_LD_PT.827,035R,290637,289655,290636,BARRY QUARRY,403-406 CUMMINS HWY,BOSTON,0035.018,19.9083935,Incomplete,Not Lined,Inactive,Private,,C&D WASTE,DTQ,500,EL,MAP,UNK,,,MANNO_T,DEP_BAW,1997-08-22T00:00:00,P,440,POINT (231914.52826316655 891579.9972730502)
GISDATA.SW_LD_PT.829,251B,344773,341473,344772,ROCKLAND OLD LANDFILL,VETERANS OF FOREIGN WARS DR,ROCKLAND,0251.002,12.46204867,Incomplete,Not Lined,Inactive,Municipal,,MSW,DOQ,100,PB,DDS,DD_PAR,DD_SW,AP_DOQ,MANNO_T,DEP_BAW,2010-09-03T00:00:00,PAR,442,POINT (248623.83722163737 877787.8369386978)
GISDATA.SW_LD_PT.830,049A,39136,172390,172391,MOONEY STREET DUMP,45 MOONEY ST,CAMBRIDGE,0049.001,29.9,Incomplete,Not Lined,Inactive,Private,,MSW,DTQ,0,EL,MAP,UNK,,,MANNO_T,DEP_BAW,1997-08-12T00:00:00,P,443,POINT (228686.30816999078 904992.6887496524)
GISDATA.SW_LD_PT.831,168B,341570,338370,172691,MARBLEHEAD LANDFILL,5 WOODFIN TER,MARBLEHEAD,0168.002,14.74994528,Capped,Not Lined,Closed,Municipal,Municipal,MSW,NA,100,PB,DDS,DD_PAR,DD_SW,AP_DOQ,MANNO_T,DEP_BAW,2010-10-05T00:00:00,PAR,444,POINT (252890.20605964214 918120.5432229973)
GISDATA.SW_LD_PT.832,262E,39704,172913,172914,WHEELABRATOR SAUGUS INC ASH LANDFILL,100 SALEM TPKE,SAUGUS,0262.005,154.79376081,Incomplete,Not Lined,Active,Private,Private,ASH,DOQ,100,FEN,PHO,DD_SW,AP_DOQ,,MANNO_T,DEP_BAW,2010-10-12T00:00:00,F,445,POINT (242420.91419298947 910011.6403329186)
GISDATA.SW_LD_PT.833,262G,39447,172680,172681,GENERAL ELECTRIC LANDFILL,SALEM TPKE,SAUGUS,0262.007,12.46596287,Capped,Not Lined,Closed,Private,Private,MSW,DOQ,100,EWA,PHO,DD_SW,AP_DOQ,,MANNO_T,DEP_BAW,2010-10-12T00:00:00,F,446,POINT (242910.52740696818 910874.6356832832)
GISDATA.SW_LD_PT.840,157A,39429,172662,172663,LINCOLN LANDFILL,LANDFILL RD N GREAT RD OFF 2A,LINCOLN,0157.001,8.6656616,Capped,Not Lined,Closed,Municipal,,MSW,DOQ,100,EWA,PHO,DD_SW,AP_DOQ,DD_LU,MANNO_T,DEP_BAW,2010-09-23T00:00:00,F,453,POINT (218054.79751494527 910579.276467178)
GISDATA.SW_LD_PT.851,220B,39595,172811,172812,NORWOOD LANDFILL,WINTER ST,NORWOOD,0220.002,16.69271941,Capped,Not Lined,Closed,Municipal,,MSW,DOQ,100,CAP,PHO,DD_SW,AP_DOQ,,MANNO_T,DEP_BAW,2010-09-17T00:00:00,F,176,POINT (223076.41070201248 883038.4125210829)
GISDATA.SW_LD_PT.852,142B,39384,172619,172620,HULL LANDFILL,LOGAN AVE,HULL,0142.002,12.99122277,Incomplete,Lined,Active,Municipal,Municipal,MSW,DOQ,100,EWK,PHO,MS_SITE,,,CONNICK_D,DEP_BAW,2007-06-09T00:00:00,F,177,POINT (253074.4770957753 890298.5499104373)
GISDATA.SW_LD_PT.868,344B,457219,453202,173112,WINCHESTER LANDFILL,15 MCKAY AVE,WINCHESTER,0344.002,7.81282696,Capped,Not Lined,Closed,Municipal,Municipal,MSW,DOQ,100,PB,PHO,DD_PAR,AP_PN,,MANNO_T,DEP_BAW,2010-08-19T00:00:00,F,463,POINT (230052.97403033078 912516.764139764)
GISDATA.SW_LD_PT.873,288C,39779,172982,172983,SUDBURY OLD DUMP,POWDER MILL RD,SUDBURY,0288.003,0.9,Incomplete,Not Lined,Inactive,Municipal,,MSW,DTQ,100,EL,MAP,MS_USGS,TEXT,DD_PAR,HYDE_J,DEP_GIS,2002-05-20T00:00:00,P,468,POINT (206114.79578546435 908611.5618895032)
GISDATA.SW_LD_PT.877,187A,39516,172742,172743,MILLIS LANDFILL,176 ISLAND RD,MILLIS,0187.001,10.92923718,Incomplete,Not Lined,Inactive,Municipal,,MSW,DOQ,100,CAP,PHO,DD_SW,AP_DOQ,,MANNO_T,DEP_BAW,2010-09-17T00:00:00,F,472,POINT (212551.26716069877 881369.3563958555)
GISDATA.SW_LD_PT.880,018A,440033,436002,440032,AVON LANDFILL,WALES AVE,AVON,0018.001,2.37932658,Capped,Not Lined,Closed,Municipal,,MSW,DOQ,100,EWA,PHO,KNOW,,,CONNICK_D,DEP_BAW,2007-06-29T00:00:00,F,187,POINT (236562.88677319884 877256.2853331156)
GISDATA.SW_LD_PT.881,258H,96,169024,169025,COLINS COVE DUMP,MEMORIAL DR ESSEX STREET EXT,SALEM,0258.008,9.28138096,Incomplete,Not Lined,Inactive,Municipal,,MSW,NA,100,PB,DDS,DD_PAR,DD_SW,AP_DOQ,MANNO_T,DEP_BAW,2010-09-22T00:00:00,PAR,188,POINT (250864.9560410455 919849.5562482439)
GISDATA.SW_LD_PT.887,315E,39856,173053,173054,OLD WAYLAND LANDFILL,RTE 20,WAYLAND,0315.005,9.54876921,Capped,Not Lined,Closed,Municipal,,MSW,PTQ,500,EWA,MAP,MS_USGS,AP_DOQ,,MANNO_T,DEP_BAW,2010-09-23T00:00:00,F,194,POINT (209770.25311748683 901335.0017183721)
GISDATA.SW_LD_PT.899,336C,39896,173088,159577,WEYMOUTH WHARF STREET LANDFILL,94 WHARF ST,WEYMOUTH,0336.003,17.62415266,Capped,Not Lined,Closed,Municipal,,MSW,NA,100,PB,DDS,DD_PAR,DD_SW,AP_DOQ,MANNO_T,DEP_BAW,2010-08-19T00:00:00,PAR,476,POINT (247538.1057780683 885997.112827275)
GISDATA.SW_LD_PT.902,163A,528893,523796,375102,GARELICK FARMS LLC,626 LYNNWAY,LYNN,,10.58590639,Capped,unknown,Closed,,,MSW,DOQ,100,EWA,IN,MS_SITE,AP_DOQ,,ADAMS_D,DEP_BAW,2013-05-23T00:00:00,F,479,POINT (244491.9023424685 911341.9862878583)
GISDATA.SW_LD_PT.905,176B,39483,172713,172714,MEDFORD LANDFILL,RIVERSIDE AVE,MEDFORD,0176.002,19.66772561,Incomplete,Not Lined,Inactive,Municipal,,MSW,DOQ,100,EWA,IN,MS_SITE,AP_DOQ,,ADAMS_D,DEP_BAW,2013-05-23T00:00:00,F,482,POINT (234940.9542445615 905872.411763493)
GISDATA.SW_LD_PT.906,198A,39531,172755,172756,NATICK LANDFILL,75 WEST ST,NATICK,0198.001,34.89931098,Capped,Not Lined,Closed,Municipal,,MSW,DOQ,100,CAP,PHO,DD_SW,AP_DOQ,DD_PAR,MANNO_T,DEP_BAW,2010-09-17T00:00:00,F,483,POINT (211200.91888451576 890815.9567176253)
GISDATA.SW_LD_PT.913,100C,39281,172525,172526,FRAMINGHAM ASH LANDFILL,OLD GATES RD,FRAMINGHAM,0100.003,15.60811662,Capped,Not Lined,Closed,Municipal,,ASH,NA,500,EWA,DD_1,MS_USGS,DD_LU,,BODIN_E,DEP_BAW,1995-01-01T00:00:00,LU,490,POINT (200773.90853568912 893671.9580935799)
GISDATA.SW_LD_PT.920,046A,279364,279217,279363,BROOKLINE FRONT LANDFILL,815 NEWTON ST,BROOKLINE,0046.001,16.83698567,Incomplete,Not Lined,Inactive,Municipal,,MSW,DOQ,100,CAP,PHO,DD_SW,AP_DOQ,,MANNO_T,DEP_BAW,2010-10-19T00:00:00,F,209,POINT (227437.04405908287 895659.1303018704)
GISDATA.SW_LD_PT.924,014A,39041,172301,172302,ASHLAND LANDFILL,HOWE ST,ASHLAND,0014.001,7.2135353,Capped,Not Lined,Closed,Municipal,,MSW,DOQ,100,PB,DDS,DD_PAR,AP_DOQ,DD_SW,MANNO_T,DEP_BAW,2010-09-15T00:00:00,PAR,213,POINT (199873.72547512501 889939.228259895)
GISDATA.SW_LD_PT.925,258I,39691,172901,172902,PALMER COVE DUMP,SALEM ST LEAVITT ST,SALEM,0258.009,7.25748418,Incomplete,n/a,Inactive,,,MSW,NA,100,PB,DDS,DD_PAR,DD_OS,AP_DOQ,MANNO_T,DEP_BAW,2010-11-24T00:00:00,PAR,214,POINT (250185.4192238003 918339.3546694443)
GISDATA.SW_LD_PT.927,040A,39107,172362,172363,WALWORTH FOUNDRY LANDFILL,1525 WASHINGTON ST,BRAINTREE,0040.001,0.8738675,Incomplete,n/a,Inactive,Private,,MSW,DOQ,100,EWK,PHO,SV,,,FERGUSON_C,DEP_BAW,2008-05-08T00:00:00,F,216,POINT (240192.57935198396 881750.5790956579)
GISDATA.SW_LD_PT.928,262B,39701,172910,172911,SAUGUS MAIN STREET LANDFILL,513 MAIN ST,SAUGUS,0262.002,15.07983088,Capped,Not Lined,Closed,Municipal,,MSW,DOQ,100,CAP,PHO,DD_SW,AP_DOQ,,MANNO_T,DEP_BAW,2010-09-22T00:00:00,F,217,POINT (237851.65549375117 914733.5225084983)
GISDATA.SW_LD_PT.954,049B,39137,172391,172392,HARVEY STREET SLUDGE LANDFILL,HARVEY ST,CAMBRIDGE,0049.002,29.9,Excavated,Not Lined,Closed,Private,,MSW,NA,100,CF,XY_2,UNK,,,UNK,UNK,,UTM,225,POINT (229817.7324486822 905257.4388169162)
GISDATA.SW_LD_PT.955,163B,268833,268696,268832,DORAZIO LANDFILL,183 HOLYOKE ST,LYNN,0163.002,1.096478,Incomplete,Not Lined,Inactive,Private,,C&D WASTE,PTQ,0,UNK,MAP,MS_USGS,,,UNK,UNK,1995-01-01T00:00:00,F,226,POINT (242597.71519099176 913059.8721719868)
GISDATA.SW_LD_PT.958,133A,39356,172595,172596,CAINS PIT LANDFILL,SPRING LN,HOLBROOK,0133.001,1.01585281,Incomplete,n/a,Inactive,Private,,C&D WASTE,PTQ,0,UNK,IN,UNK,,,UNK,UNK,1995-01-01T00:00:00,F,229,POINT (239451.18583223224 875537.9408505)
GISDATA.SW_LD_PT.967,125A,39339,172578,172579,HARVARD LANDFILL,47 DEPOT RD,HARVARD,0125.001,7.73480816,Incomplete,Not Lined,Inactive,Municipal,,MSW,DOQ,100,EWA,OTH,KNOW,AP_DOQ,,RAO_P,DEP_BAW,2003-07-15T00:00:00,F,238,POINT (192433.38795901835 917614.6745428294)
GISDATA.SW_LD_PT.971,067A,39182,172433,172434,CONCORD LANDFILL,755 WALDEN ST,CONCORD,0067.001,35.75075289,Capped,Lined,Closed,Municipal,,MSW,DOQ,100,PB,DDS,DD_SW,DD_PAR,AP_DOQ,MANNO_T,DEP_BAW,2010-09-16T00:00:00,PAR,512,POINT (213538.67580088228 910405.701171279)
GISDATA.SW_LD_PT.986,258A,372388,368468,173162,SALEM LANDFILL,12 SWAMPSCOTT RD,SALEM,0258.001,3.25373372,Incomplete,Not Lined,Inactive,Municipal,Municipal,MSW,DOQ,100,EWA,OTH,KNOW,AP_DOQ,,FAIRBROTHER_M,DEP_BAW,2002-07-01T00:00:00,F,527,POINT (247219.44450071454 916664.8935423605)
GISDATA.SW_LD_PT.991,037A,39102,172357,172358,BOXBOROUGH LANDFILL,550 CODMAN HILL RD,BOXBOROUGH,0037.001,2.93706786,Capped,Not Lined,Closed,Municipal,,MSW,DOQ,100,EWA,OTH,KNOW,AP_DOQ,,RAO_P,DEP_BAW,2003-07-15T00:00:00,F,244,POINT (195212.69681366533 913812.8714769706)
GISDATA.SW_LD_PT.993,178D,385853,381919,385852,PINE BANKS LLC,MAIN ST,MELROSE,0178.004,0.94405031,Incomplete,Not Lined,Inactive,Private,,MSW,DOQ,100,EWA,IN,MS_SITE,AP_DOQ,,ADAMS_D,DEP_BAW,2013-05-23T00:00:00,F,246,POINT (235858.74308162183 910465.9216193631)
GISDATA.SW_LD_PT.997,376025,379957,376025,223298,MA HIGHWAY FACILITY 59,90 WOOD RD,BRAINTREE,,9.21108865,Capped,unknown,Closed,,,MSW,DOQ,100,PB,DD_1,DDS,MS_USGS,MS_SITE,BEINIKIS_A,DEP_GIS,2015-05-18T00:00:00,PAR,250,POINT (238469.24421114475 886092.4146492295)
GISDATA.SW_LD_PT.1003,485283,485283,481246,469981,JOHN F KENNEDY LIBRARY AND MUSEUM,COLUMBIA PT,BOSTON,,9.9173217,Capped,unknown,Closed,,,MSW,DOQ,100,EWA,PHO,MS_SITE,AP_DOQ,DD_PAR,ADAMS_D,DEP_BAW,2013-05-23T00:00:00,F,256,POINT (238429.95039965212 896193.569419194)
GISDATA.SW_LD_PT.1008,174A,39477,172709,172710,MAYNARD LANDFILL,160 WALTHAM ST - POWDER MILL,MAYNARD,0174.001,10.28842845,Capped,Not Lined,Closed,Municipal,,MSW,DOQ,16,CAP,MAP,MS_SITE,,,SWIGOR_J,DEP_GIS,2002-07-11T00:00:00,F,531,POINT (205370.16205823421 908699.2292118147)
GISDATA.SW_LD_PT.1017,243A,291611,290587,291610,QUARRY HILLS SOILS LANDFILL,WILLARD ST/RICCIUTI DR,QUINCY,0243.005,166.86601164,Capped,Lined,Closed,Private,Private,MSW,NA,100,PB,DDS,DD_PAR,DD_SW,AP_DOQ,MANNO_T,DEP_BAW,2010-09-17T00:00:00,PAR,540,POINT (237093.0491859913 887846.3039729036)
GISDATA.SW_LD_PT.1023,291A,39787,172989,172990,SWAMPSCOTT LANDFILL,PARADISE RD,SWAMPSCOTT,0291.001,3.15060787,Incomplete,Not Lined,Inactive,,,MSW,DOQ,16,PB,DD_1,DD_PAR,TEXT,AP_DOQ,MANNO_T,DEP_BAW,2015-12-23T00:00:00,F,258,POINT (247949.6554768309 913939.5416636392)
GISDATA.SW_LD_PT.1026,026A,39069,172324,172325,BFI LANDFILL,1150 CONCORD AVE,BELMONT,0026.001,27.87357204,Incomplete,Not Lined,Inactive,Municipal,,MSW,PTQ,100,PB,MAP,MS_USGS,,,UNK,UNK,1995-01-01T00:00:00,F,261,POINT (224530.98154465854 906022.2513475791)
GISDATA.SW_LD_PT.1027,346B,39926,173115,173116,WINTHROP LANDFILL,ARGYLE ST,WINTHROP,0346.002,8.92815802,Capped,Not Lined,Closed,Municipal,,MSW,DOQ,100,EWA,MAP,MS_USGS,,,HYDE_J,DEP_GIS,2002-05-09T00:00:00,F,262,POINT (242513.58587305248 904192.9822399206)
GISDATA.SW_LD_PT.1028,175A,39479,172710,172711,MEDFIELD LANDFILL,65 NORTH MEADOWS RD,MEDFIELD,0175.001,9.6100424,Incomplete,Not Lined,Inactive,Municipal,,MSW,DOQ,100,CAP,PHO,AP_DOQ,DD_SW,,MANNO_T,DEP_BAW,2010-09-16T00:00:00,F,263,POINT (214876.12351834774 882373.4515001923)
GISDATA.SW_LD_PT.1031,207A,39549,172772,172773,ELLIOT STREET LANDFILL,ELLIOT ST,NEWTON,0207.001,11.49129015,Incomplete,Not Lined,Inactive,Municipal,,MSW,NA,100,PB,DDS,DD_PAR,DD_SW,AP_DOQ,MANNO_T,DEP_BAW,2010-09-17T00:00:00,PAR,266,POINT (223606.62032446265 896145.585639853)
GISDATA.SW_LD_PT.1038,284B,39765,172969,172970,STONEHAM DUMP,DL SAINT GAREY ST,STONEHAM,0284.002,8.59746515,Incomplete,Not Lined,Inactive,,,MSW,DOQ,100,EWA,IN,MS_SITE,AP_DOQ,,ADAMS_D,DEP_BAW,2013-05-23T00:00:00,F,273,POINT (234672.5785362199 915212.2400295436)
GISDATA.SW_LD_PT.1041,187D,85,169041,169042,OLD MILLIS LANDFILL,ISLAND RD,MILLIS,0187.004,10.57896928,Incomplete,Not Lined,Inactive,Municipal,,MSW,DTQ,100,EWA,MAP,MS_USGS,,,MANNO_T,DEP_BAW,1997-08-18T00:00:00,F,546,POINT (212637.6310465932 881173.9204777442)
GISDATA.SW_LD_PT.1043,189B,289344,288467,289343,UNQUITY ROAD LANDFILL,UNQUITY RD,MILTON,0189.002,2.22666468,Incomplete,Not Lined,Inactive,State,,MSW,DOQ,100,EWA,PHO,AP_DOQ,MS_LMTQ,KNOW,MANNO_T,DEP_BAW,2015-12-23T00:00:00,F,548,POINT (233881.51834388077 885726.6395126954)
GISDATA.SW_LD_PT.1046,314C,39849,173046,173047,WATERTOWN BEMIS DUMP,PLEASANT ST,WATERTOWN,0314.003,14.93136821,Incomplete,Not Lined,Inactive,Municipal,,MSW,NA,0,CF,XY_2,MS_USGS,TEXT,,BODIN_E,DEP_BAW,1994-12-08T00:00:00,UTM,551,POINT (223860.24674264342 901809.8127579764)
GISDATA.SW_LD_PT.1062,050A,39139,172393,172394,CANTON LANDFILL,PINE ST,CANTON,0050.001,26.07194086,Capped,Not Lined,Closed,Municipal,,MSW,DOQ,100,EWA,MAP,MS_SITE,,,HYDE_J,DEP_GIS,2002-04-24T00:00:00,F,4,POINT (230343.7295327857 877342.2044543624)
GISDATA.SW_LD_PT.1067,328D,39878,173072,173073,"WESTBOROUGH 16 LLC, No. 2",59 BRIGHAM ST,WESTBOROUGH,0328.004,4.98555831,Incomplete,Not Lined,Inactive,,Private,MSW,DOQ,100,EWA,MAP,MS_SITE,AP_DOQ,MS_TAX,KELLY_S,DEP_BWSC,2013-08-20T00:00:00,F,9,POINT (191065.81886985153 891073.228755366)
GISDATA.SW_LD_PT.1084,155A,39428,172661,172662,LEXINGTON LANDFILL,60 HARTWELL AVE,LEXINGTON,0155.001,29.6883985,Incomplete,Not Lined,Inactive,Municipal,,MSW,PTQ,100,EWA,MAP,MS_USGS,MS_LMST,MS_SITE,MANNO_T,DEP_BAW,2005-12-28T00:00:00,F,282,POINT (220146.4198429212 913109.1450502463)
GISDATA.SW_LD_PT.1087,307D,39829,173028,173029,WALPOLE LANDFILL,LINCOLN RD,WALPOLE,0307.004,18.20964817,Capped,Not Lined,Closed,Municipal,,MSW,DOQ,100,CAP,PHO,DD_SW,AP_DOQ,,MANNO_T,DEP_BAW,2010-09-23T00:00:00,F,285,POINT (218551.65274374932 876826.1121305153)
GISDATA.SW_LD_PT.1100,136D,39364,172603,172604,HOLLISTON LANDFILL,MARSHALL ST,HOLLISTON,0136.004,12.29744326,Capped,Not Lined,Closed,Municipal,,MSW,DOQ,100,EWA,MAP,MS_SITE,AP_DOQ,,SWIGOR_J,DEP_GIS,2013-07-09T00:00:00,F,568,POINT (201832.33721871674 882982.2856806181)
GISDATA.SW_LD_PT.1101,177B,39485,172715,172716,MEDWAY DUMP,42 HIGHLAND ST,MEDWAY,0177.002,29.9,Incomplete,Not Lined,Inactive,,,MSW,NA,1000,CF,XY_2,UNK,,,UNK,UNK,,UTM,569,POINT (204977.09185035527 877797.5012856275)
GISDATA.SW_LD_PT.1108,207E,39553,172776,173151,RUMFORD AVENUE LANDFILL,121 RUMFORD AVE,NEWTON,0207.005,26.09625357,Capped,Not Lined,Closed,Municipal,Municipal,MSW,DOQ,100,EWA,PHO,DD_SW,DD_PAR,AP_DOQ,MANNO_T,DEP_BAW,2010-09-17T00:00:00,F,576,POINT (221072.51573253423 900684.6442286707)
GISDATA.SW_LD_PT.1109,229AJ,266579,266442,266578,PEABODY ASH MONOFILL,0 FARM AVE,PEABODY,0229.010,32.68781165,Incomplete,Lined,Active,Private,Private,ASH,NA,100,PB,DDS,DD_PAR,DD_SW,AP_DOQ,MANNO_T,DEP_BAW,2010-09-21T00:00:00,PAR,577,POINT (241963.83685931563 920058.2450514697)
GISDATA.SW_LD_PT.1110,229JA,39620,172833,172834,GCR LANDFILL,FARM AVE/RTE 1,PEABODY,0229.001,32.68781165,Capped,Lined,Closed,Private,Municipal,MSW,NA,100,PB,DDS,DD_PAR,DD_SW,AP_DOQ,MANNO_T,DEP_BAW,2010-09-21T00:00:00,PAR,578,POINT (241963.83685931563 920058.2450514697)
GISDATA.SW_LD_PT.1112,288A,224402,224306,159808,SUDBURY SAND HILL LANDFILL,20 BOSTON POST RD,SUDBURY,0288.001,21.98077599,Capped,Lined,Closed,Municipal,Municipal,MSW,DOQ,100,PB,PHO,MS_USGS,DD_PAR,AP_DOQ,MANNO_T,DEP_BAW,2015-12-28T00:00:00,F,580,POINT (209428.51236267388 901534.6853638217)
GISDATA.SW_LD_PT.1114,023A,39060,172316,172317,BEDFORD LANDFILL,108 CARLISLE RD,BEDFORD,0023.001,13.61364971,Capped,Not Lined,Closed,Municipal,,MSW,PTQ,500,EWA,IN,UNK,DD_PAR,AP_DOQ,UNK,UNK,1995-01-01T00:00:00,F,20,POINT (216595.9073582068 916647.6677263677)
GISDATA.SW_LD_PT.1115,307F,39827,173026,173027,WALPOLE DUMP,1701-1709 MAIN ST,WALPOLE,0307.006,45.07505255,Incomplete,Not Lined,Inactive,Private,,MSW,DOQ,100,UNK,MAP,MS_USGS,,,HYDE_J,DEP_GIS,2002-05-22T00:00:00,F,21,POINT (218446.00935470313 874587.5285971761)
GISDATA.SW_LD_PT.1117,035D,39096,172351,172352,OLD BOSTON LANDFILL,MT VERNON ST,BOSTON,0035.004,29.9,Incomplete,Not Lined,Inactive,,,MSW,NA,100,CF,XY_2,UNK,,,UNK,UNK,,UTM,23,POINT (238076.466830723 895951.5012743995)
GISDATA.SW_LD_PT.1119,100B,39280,172524,172525,FRAMINGHAM MILLWOOD STREET LANDFILL,MILLWOOD ST,FRAMINGHAM,0100.002,29.9,Incomplete,n/a,Inactive,,,MSW,NA,500,CF,XY_2,UNK,,,UNK,UNK,,UTM,25,POINT (203547.56055887789 896839.4388018139)
GISDATA.SW_LD_PT.1124,251E,378898,374968,162056,US NAVAL AIR STATION SMALL LANDFILL,700 YDS W OF WEYMOUTH ST,ROCKLAND,0251.005,1.16921087,Capped,Not Lined,Closed,Federal,Federal,MSW,NA,100,EWA,DD_1,DD_OTH,MS_USGS,TEXT,BEINIKIS_A,DEP_GIS,2013-01-16T00:00:00,SOI,30,POINT (248184.68458145112 878832.7659100257)
GISDATA.SW_LD_PT.1129,136A,39361,172600,172601,HOLLISTON UNION STREET DUMP,UNION ST,HOLLISTON,0136.001,29.9,Incomplete,Not Lined,Inactive,,,MSW,NA,0,CF,XY_2,UNK,,,UNK,UNK,,UTM,35,POINT (205706.24809696525 882588.3762757927)
GISDATA.SW_LD_PT.1130,243F,307989,306219,307988,MDC GRANITE RAIL QUARRY LANDFILL,RICCIUTI DR,QUINCY,0243.006,1.9690663,Incomplete,n/a,Inactive,State,,MSW,DOQ,100,CAP,PHO,MS_SITE,AP_DOQ,,LIPMAN_S,DEP,2011-03-17T00:00:00,F,36,POINT (238436.12989504635 888285.6707689762)
GISDATA.SW_LD_PT.1138,067C,320021,317632,130600,MCI CONCORD DEMO DUMP,965 ELM ST,CONCORD,0067.003,0.64646695,Incomplete,Not Lined,Inactive,State,State,C&D WASTE,DOQ,100,EWA,IN,MS_SITE,AP_DOQ,,ADAMS_D,DEP_BAW,2013-05-23T00:00:00,F,299,POINT (208662.1728380695 912311.360302534)
GISDATA.SW_LD_PT.1140,035N,309288,307432,309287,HALLET STREET LANDFILL,HALLET ST,BOSTON,0035.014,34.16616755,Incomplete,Not Lined,Inactive,State,,MSW,PTQ,100,PB,MAP,MS_SITE,MS_USGS,,BODIN_E,DEP_BAW,1994-08-26T00:00:00,F,301,POINT (237547.477641657 892161.1416812129)
GISDATA.SW_LD_PT.1141,189A,39519,172745,172746,MILTON ACE LANDFILL,780 RANDOLPH AVE,MILTON,0189.001,60.34887303,Capped,Not Lined,Closed,Municipal,,MSW,DOQ,100,EWA,PHO,DD_SW,DD_PAR,AP_DOQ,MANNO_T,DEP_BAW,2010-09-16T00:00:00,F,302,POINT (236043.90562810004 888076.1072104573)
GISDATA.SW_LD_PT.1142,277B,39741,172945,172946,SOUTHBOROUGH LANDFILL,53 PARKERVILLE RD,SOUTHBOROUGH,0277.002,6.25622932,Incomplete,Not Lined,Inactive,Municipal,,MSW,DOQ,100,EWA,OTH,KNOW,AP_DOQ,,RAO_P,DEP_BAW,2003-07-15T00:00:00,F,303,POINT (196931.32771047205 893871.4685474187)
GISDATA.SW_LD_PT.1151,315D,39853,173050,173051,WAYLAND SAND HILL LANDFILL,484 BOSTON POST RD,WAYLAND,0315.004,11.79104358,Incomplete,Lined,Inactive,Municipal,Municipal,MSW,DOQ,100,CAP,PHO,DD_SW,AP_DOQ,DD_PAR,MANNO_T,DEP_BAW,2010-09-23T00:00:00,F,582,POINT (209343.83714532852 901858.8263860568)
GISDATA.SW_LD_PT.1152,342A,318252,315934,173105,MAPLE MEADOW LANDFILL PROJECT,923 MAIN ST,WILMINGTON,0342.001,18.64388984,Incomplete,Not Lined,Inactive,Private,Private,MSW,DOQ,100,CAP,PHO,DD_SW,AP_DOQ,,MANNO_T,DEP_BAW,2010-09-23T00:00:00,F,583,POINT (227560.15606143326 919407.7622849382)
GISDATA.SW_LD_PT.1157,035E,283046,282468,283045,GARDNER STREET LANDFILL,GARDNER ST,BOSTON,0035.005,89.97911771,Capped,Not Lined,Closed,Municipal,,MSW,DOQ,100,CAP,PHO,DD_SW,AP_DOQ,DD_PAR,MANNO_T,DEP_BAW,2010-09-15T00:00:00,F,588,POINT (226315.458527714 892466.8249034882)
GISDATA.SW_LD_PT.1161,141B,254080,253984,254078,HUDSON STOW LANDFILL,36D STOW AND CEMETERY RDS,HUDSON,0141.002,35.81976595,Capped,Lined,Closed,Private,Private,MSW,DOQ,100,AA,MAP,MS_SITE,,,SWIGOR_J,DEP_GIS,2002-06-24T00:00:00,F,592,POINT (196655.73077163845 906045.1091142632)
GISDATA.SW_LD_PT.1168,208A,39554,172777,159907,NORFOLK LANDFILL,33 MEDWAY BRANCH RD,NORFOLK,0208.001,11.31213465,Capped,Lined,Closed,Municipal,Municipal,MSW,DOQ,100,EWA,MAP,MS_SITE,AP_DOQ,,SWIGOR_J,DEP_GIS,2013-07-18T00:00:00,F,599,POINT (213177.4126784578 875286.2803484648)
GISDATA.SW_LD_PT.1169,002C,39004,172265,131288,ACTON LANDFILL,14 FOREST RD,ACTON,0002.003,18.13934864,Capped,Not Lined,Closed,Municipal,Municipal,MSW,DOQ,100,EWA,IN,MS_SITE,,,SWIGOR_J,DEP_GIS,2002-06-19T00:00:00,F,39,POINT (205711.4741654992 913609.9040071517)
GISDATA.SW_LD_PT.1172,258G,153,168984,168985,OLD SALEM LANDFILL,MARLBOROUGH RD,SALEM,0258.007,5.72266618,Incomplete,Not Lined,Inactive,Municipal,,MSW,PTQ,0,UNK,IN,UNK,,,UNK,UNK,1995-01-01T00:00:00,F,42,POINT (247316.6952822879 917627.3721268922)
GISDATA.SW_LD_PT.1176,328D,39878,173072,173073,"WESTBOROUGH 16 LLC, No. 1",59 BRIGHAM ST,WESTBOROUGH,0328.004,2.50759277,Incomplete,Not Lined,Inactive,,Private,MSW,DOQ,100,EWA,MAP,MS_SITE,AP_DOQ,MS_TAX,KELLY_S,DEP_BWSC,2013-08-20T00:00:00,F,46,POINT (190946.70172435045 891163.4908291176)
GISDATA.SW_LD_PT.1178,138A,39371,39371,396875,HOPEDALE SOUTH MAIN ST LANDFILL,228 SOUTH MAIN ST,HOPEDALE,0138.001,7.45608447,Incomplete,Not Lined,Inactive,Private,Individual,MSW,DOQ,16,CAP,MAP,MS_SITE,,,SWIGOR_J,DEP_GIS,2002-07-11T00:00:00,F,48,POINT (199166.8871061206 874422.8759260997)
GISDATA.SW_LD_PT.1180,185A,39510,172738,172739,MILFORD LANDFILL,CEDAR ST,MILFORD,0185.001,16.45315916,Capped,Not Lined,Closed,Municipal,,MSW,DOQ,100,EWA,MAP,MS_SITE,,,SWIGOR_J,DEP_GIS,2002-07-11T00:00:00,F,50,POINT (199190.72663888335 878486.8590542376)
GISDATA.SW_LD_PT.1181,207C,39551,172774,172775,PINE STREET LANDFILL,PINE ST,NEWTON,0207.003,14.77777836,Incomplete,Not Lined,Inactive,,,MSW,PTQ,0,UNK,MAP,MS_USGS,,,UNK,UNK,1994-09-01T00:00:00,F,51,POINT (221460.36101350188 900513.95479922)
GISDATA.SW_LD_PT.1182,328D,39878,173072,173073,"WESTBOROUGH 16 LLC, No. 5",59 BRIGHAM ST,WESTBOROUGH,0328.004,1.50481418,Incomplete,Not Lined,Inactive,,Private,MSW,DOQ,100,EWA,MAP,MS_SITE,AP_DOQ,MS_TAX,SWIGOR_J,DEP_GIS,2013-07-22T00:00:00,F,52,POINT (192273.4771721065 890949.140224997)
GISDATA.SW_LD_PT.1197,035O,299480,298108,299479,NEPONSET AVENUE LANDFILL,NEPONSET AVE,BOSTON,0035.015,18.60282408,Incomplete,Not Lined,Inactive,State,,MSW,PTQ,100,PB,MAP,MS_SITE,MS_USGS,,BODIN_E,DEP_BAW,1994-08-26T00:00:00,F,321,POINT (237683.09553537518 892531.4347414561)
GISDATA.SW_LD_PT.1198,336A,310984,308985,310983,WEYMOUTH MAIN STREET LANDFILL,MAIN AND WASHINGTON ST,WEYMOUTH,0336.001,29.9,Incomplete,Not Lined,Inactive,Municipal,,MSW,DTQ,0,EL,MAP,UNK,,,MANNO_T,DEP_BAW,1997-08-12T00:00:00,P,322,POINT (244957.68320921808 884068.9387869351)
GISDATA.SW_LD_PT.1210,286A,39769,172973,172974,STOW LANDFILL,SOUTH ACTON RD,STOW,0286.001,19.65693957,Incomplete,Not Lined,Inactive,Private,,MSW,DOQ,100,EWA,OTH,KNOW,AP_DOQ,,RAO_P,DEP_BAW,2003-07-15T00:00:00,F,604,POINT (201986.97355223447 911541.2168079168)
GISDATA.SW_LD_PT.1219,040B,39108,172363,172364,BRAINTREE DUMP,BROOKSIDE RD,BRAINTREE,0040.002,8.72645173,Incomplete,n/a,Inactive,,,MSW,DOQ,100,EWA,PHO,MS_LMTQ,KNOW,,MANNO_T,DEP_BAW,2005-12-28T00:00:00,F,613,POINT (243481.05541800708 885059.972698845)
GISDATA.SW_LD_PT.1224,328A,191626,191626,191625,WESTBOROUGH LANDFILL,68 HOPKINTON RD,WESTBOROUGH,0328.001,9.47640429,Capped,Not Lined,Closed,Private,Private,MSW,DOQ,100,EWA,IN,MS_SITE,AP_DOQ,,SWIGOR_J,DEP_GIS,2004-05-06T00:00:00,F,58,POINT (192462.84225090593 889685.8341629095)
GISDATA.SW_LD_PT.1228,138C,39373,172611,172612,DRAPER LANDFILL,161 FREEDOM ST,HOPEDALE,0138.003,7.80135119,Incomplete,Not Lined,Inactive,Private,,MSW,DOQ,100,EWA,MAP,MS_SITE,AP_DOQ,MS_TAX,SWIGOR_J,DEP_GIS,2013-06-05T00:00:00,F,62,POINT (195574.54683336616 876056.551336009)
GISDATA.SW_LD_PT.1230,288B,39778,172981,172982,SUDBURY DUMP,DAKIN RD,SUDBURY,0288.002,29.9,Incomplete,Not Lined,Inactive,Municipal,,MSW,NA,500,CF,XY_2,UNK,,,UNK,UNK,,UTM,64,POINT (208157.87312344462 907858.626280617)
GISDATA.SW_LD_PT.1232,305A,39823,173022,173023,WAKEFIELD LANDFILL,371 SALEM ST,WAKEFIELD,0305.001,29.9,Incomplete,Not Lined,Inactive,,,MSW,NA,500,CF,XY_2,UNK,,,UNK,UNK,1995-01-01T00:00:00,UTM,66,POINT (236634.6230865717 918071.7513056882)
GISDATA.SW_LD_PT.1234,328D,39878,173072,173073,"WESTBOROUGH 16 LLC, No. 4",59 BRIGHAM ST,WESTBOROUGH,0328.004,5.89033259,Incomplete,Not Lined,Inactive,,Private,MSW,DOQ,100,EWA,MAP,MS_SITE,AP_DOQ,MS_TAX,KELLY_S,DEP_BWSC,2013-08-20T00:00:00,F,68,POINT (192052.59048189223 890908.8729745969)
GISDATA.SW_LD_PT.1236,246D,39662,172874,172875,READING LANDFILL,WALKERS BROOK DR,READING,0246.004,41.70244994,Capped,Not Lined,Closed,Municipal,,MSW,NA,100,PB,DDS,DD_PAR,AP_DOQ,KNOW,HONETSCHLAGER_K,246,2010-10-26T00:00:00,PAR,70,POINT (233616.8005779609 918908.8510185741)
GISDATA.SW_LD_PT.1238,314B,39848,173045,173046,WATERTOWN HIGHLAND AVENUE LANDFILL,HIGHLAND AVE AND ONLEY ST,WATERTOWN,0314.002,29.9,Incomplete,Not Lined,Inactive,Municipal,,MSW,NA,0,CF,XY_2,UNK,,,UNK,UNK,,UTM,72,POINT (225116.20122724771 902497.4388119653)
GISDATA.SW_LD_PT.1246,051A,131,169008,169009,CARLISLE LANDFILL,26 LOWELL ST,CARLISLE,0051.001,5.87068413,Incomplete,Not Lined,Inactive,Municipal,,MSW,NA,500,PB,DDS,DD_PAR,AP_DOQ,TEXT,MANNO_T,DEP_BAW,2010-08-05T00:00:00,PAR,333,POINT (212282.73128873855 920740.187177144)
